{"cameraMode":{"drawMode":0,"name":"Shaded","section":"Shading Mode"},"sceneLighting":true,"audioPlay":false,"sceneViewState":{"m_AlwaysRefresh":false,"showFog":true,"showSkybox":true,"showFlares":true,"showImageEffects":true,"showParticleSystems":true,"showVisualEffectGraphs":true,"m_FxEnabled":true},"in2DMode":false,"pivot":{"x":27.399566650390626,"y":19.67458152770996,"z":-34.22410202026367},"rotation":{"x":0.11975707113742829,"y":0.017669538035988809,"z":-0.0007697720429860055,"w":0.9929788112640381},"size":1.3378652334213257,"orthographic":false}